Date,Start Time,End Time,The GFT Shoppe Atari 50th Anniversary Commemorative Collection,PUNKS Comic,Farm Land by Pixels,Cool Monkes Genesis,MetaHero Universe Planet Tokens,Alpha Kongs Club AKC
March 4th,2022-03-04 0:00:00,2022-03-04 0:59:59,,,,,,
March 4th,2022-03-04 1:00:00,2022-03-04 1:59:59,,,,,,
March 4th,2022-03-04 2:00:00,2022-03-04 2:59:59,,,,,,
March 4th,2022-03-04 3:00:00,2022-03-04 3:59:59,,,,,,
March 4th,2022-03-04 4:00:00,2022-03-04 4:59:59,,,,,,
March 4th,2022-03-04 5:00:00,2022-03-04 5:59:59,,,,,,
March 4th,2022-03-04 6:00:00,2022-03-04 6:59:59,,,,,,
March 4th,2022-03-04 7:00:00,2022-03-04 7:59:59,,,,,,
March 4th,2022-03-04 8:00:00,2022-03-04 8:59:59,,,,,,
March 4th,2022-03-04 9:00:00,2022-03-04 9:59:59,,,,,,
March 4th,2022-03-04 10:00:00,2022-03-04 10:59:59,,,,,,
March 4th,2022-03-04 11:00:00,2022-03-04 11:59:59,,,,,,
March 4th,2022-03-04 12:00:00,2022-03-04 12:59:59,,,,,,
March 4th,2022-03-04 13:00:00,2022-03-04 13:59:59,,,,,,
March 4th,2022-03-04 14:00:00,2022-03-04 14:59:59,,,,,,
March 4th,2022-03-04 15:00:00,2022-03-04 15:59:59,,,,,,
March 4th,2022-03-04 16:00:00,2022-03-04 16:59:59,,,,,,
March 4th,2022-03-04 17:00:00,2022-03-04 17:59:59,,,,,,
March 4th,2022-03-04 18:00:00,2022-03-04 18:59:59,,,,,,
March 4th,2022-03-04 19:00:00,2022-03-04 19:59:59,,,,,,
March 4th,2022-03-04 20:00:00,2022-03-04 20:59:59,,,,,,
March 4th,2022-03-04 21:00:00,2022-03-04 21:59:59,,,,,,
March 4th,2022-03-04 22:00:00,2022-03-04 22:59:59,,,,,,
March 4th,2022-03-04 23:00:00,2022-03-04 23:59:59,,,,,,
March 5th,2022-03-05 0:00:00,2022-03-05 0:59:59,,,,,,
March 5th,2022-03-05 1:00:00,2022-03-05 1:59:59,,,,,,
March 5th,2022-03-05 2:00:00,2022-03-05 2:59:59,,,,,,
March 5th,2022-03-05 3:00:00,2022-03-05 3:59:59,,,,,,
March 5th,2022-03-05 4:00:00,2022-03-05 4:59:59,,,,,,
March 5th,2022-03-05 5:00:00,2022-03-05 5:59:59,,,,,,
March 5th,2022-03-05 6:00:00,2022-03-05 6:59:59,,,,,,
March 5th,2022-03-05 7:00:00,2022-03-05 7:59:59,,,,,,
March 5th,2022-03-05 8:00:00,2022-03-05 8:59:59,,,,,,
March 5th,2022-03-05 9:00:00,2022-03-05 9:59:59,,,,,,
March 5th,2022-03-05 10:00:00,2022-03-05 10:59:59,,,,,,
March 5th,2022-03-05 11:00:00,2022-03-05 11:59:59,,,,,,
March 5th,2022-03-05 12:00:00,2022-03-05 12:59:59,,,,,,
March 5th,2022-03-05 13:00:00,2022-03-05 13:59:59,,,,,,
March 5th,2022-03-05 14:00:00,2022-03-05 14:59:59,,,,,,
March 5th,2022-03-05 15:00:00,2022-03-05 15:59:59,,,,,,
March 5th,2022-03-05 16:00:00,2022-03-05 16:59:59,,,,,,
March 5th,2022-03-05 17:00:00,2022-03-05 17:59:59,,,,,,
March 5th,2022-03-05 18:00:00,2022-03-05 18:59:59,,,,,,
March 5th,2022-03-05 19:00:00,2022-03-05 19:59:59,,,,,,
March 5th,2022-03-05 20:00:00,2022-03-05 20:59:59,,,,,,
March 5th,2022-03-05 21:00:00,2022-03-05 21:59:59,,,,,,
March 5th,2022-03-05 22:00:00,2022-03-05 22:59:59,,,,,,
March 5th,2022-03-05 23:00:00,2022-03-05 23:59:59,,,,,,
March 6th,2022-03-06 0:00:00,2022-03-06 0:59:59,,,,,,
March 6th,2022-03-06 1:00:00,2022-03-06 1:59:59,,,,,,
March 6th,2022-03-06 2:00:00,2022-03-06 2:59:59,,,,,,
March 6th,2022-03-06 3:00:00,2022-03-06 3:59:59,,,,,,
March 6th,2022-03-06 4:00:00,2022-03-06 4:59:59,,,,,,
March 6th,2022-03-06 5:00:00,2022-03-06 5:59:59,,,,,,
March 6th,2022-03-06 6:00:00,2022-03-06 6:59:59,,,,,,
March 6th,2022-03-06 7:00:00,2022-03-06 7:59:59,,,,,,
March 6th,2022-03-06 8:00:00,2022-03-06 8:59:59,,,,,,
March 6th,2022-03-06 9:00:00,2022-03-06 9:59:59,,,,,,
March 6th,2022-03-06 10:00:00,2022-03-06 10:59:59,,,,,,
March 6th,2022-03-06 11:00:00,2022-03-06 11:59:59,,,,,,
March 6th,2022-03-06 12:00:00,2022-03-06 12:59:59,,,,,,
March 6th,2022-03-06 13:00:00,2022-03-06 13:59:59,,,,,,
March 6th,2022-03-06 14:00:00,2022-03-06 14:59:59,,,,,,
March 6th,2022-03-06 15:00:00,2022-03-06 15:59:59,,,,,,
March 6th,2022-03-06 16:00:00,2022-03-06 16:59:59,,,,,,
March 6th,2022-03-06 17:00:00,2022-03-06 17:59:59,,,,,,
March 6th,2022-03-06 18:00:00,2022-03-06 18:59:59,,,,,,
March 6th,2022-03-06 19:00:00,2022-03-06 19:59:59,,,,,,
March 6th,2022-03-06 20:00:00,2022-03-06 20:59:59,,,,,,
March 6th,2022-03-06 21:00:00,2022-03-06 21:59:59,,,,,,
March 6th,2022-03-06 22:00:00,2022-03-06 22:59:59,,,,,,
March 6th,2022-03-06 23:00:00,2022-03-06 23:59:59,,,,,,
March 7th,2022-03-07 0:00:00,2022-03-07 0:59:59,,,,,,
March 7th,2022-03-07 1:00:00,2022-03-07 1:59:59,,,,,,
March 7th,2022-03-07 2:00:00,2022-03-07 2:59:59,,,,,,
March 7th,2022-03-07 3:00:00,2022-03-07 3:59:59,,,,,,
March 7th,2022-03-07 4:00:00,2022-03-07 4:59:59,,,,,,
March 7th,2022-03-07 5:00:00,2022-03-07 5:59:59,,,,,,
March 7th,2022-03-07 6:00:00,2022-03-07 6:59:59,,,,,,
March 7th,2022-03-07 7:00:00,2022-03-07 7:59:59,,,,,,
March 7th,2022-03-07 8:00:00,2022-03-07 8:59:59,,,,,,
March 7th,2022-03-07 9:00:00,2022-03-07 9:59:59,,,,,,
March 7th,2022-03-07 10:00:00,2022-03-07 10:59:59,,,,,,
March 7th,2022-03-07 11:00:00,2022-03-07 11:59:59,,,,,,
March 7th,2022-03-07 12:00:00,2022-03-07 12:59:59,,,,,,
March 7th,2022-03-07 13:00:00,2022-03-07 13:59:59,,,,,,
March 7th,2022-03-07 14:00:00,2022-03-07 14:59:59,,,,,,
March 7th,2022-03-07 15:00:00,2022-03-07 15:59:59,,,,,,
March 7th,2022-03-07 16:00:00,2022-03-07 16:59:59,,,,,,
March 7th,2022-03-07 17:00:00,2022-03-07 17:59:59,,,,,,
March 7th,2022-03-07 18:00:00,2022-03-07 18:59:59,,,,,,
March 7th,2022-03-07 19:00:00,2022-03-07 19:59:59,,,,,,
March 7th,2022-03-07 20:00:00,2022-03-07 20:59:59,,,,,,
March 7th,2022-03-07 21:00:00,2022-03-07 21:59:59,,,,,,
March 7th,2022-03-07 22:00:00,2022-03-07 22:59:59,,,,,,
March 7th,2022-03-07 23:00:00,2022-03-07 23:59:59,,,,,,
March 8th,2022-03-08 0:00:00,2022-03-08 0:59:59,,,,,,
March 8th,2022-03-08 1:00:00,2022-03-08 1:59:59,,,,,,
March 8th,2022-03-08 2:00:00,2022-03-08 2:59:59,,,,,,
March 8th,2022-03-08 3:00:00,2022-03-08 3:59:59,,,,,,
March 8th,2022-03-08 4:00:00,2022-03-08 4:59:59,,,,,,
March 8th,2022-03-08 5:00:00,2022-03-08 5:59:59,,,,,,
March 8th,2022-03-08 6:00:00,2022-03-08 6:59:59,,,,,,
March 8th,2022-03-08 7:00:00,2022-03-08 7:59:59,,,,,,
March 8th,2022-03-08 8:00:00,2022-03-08 8:59:59,,,,,,
March 8th,2022-03-08 9:00:00,2022-03-08 9:59:59,,,,,,
March 8th,2022-03-08 10:00:00,2022-03-08 10:59:59,,,,,,
March 8th,2022-03-08 11:00:00,2022-03-08 11:59:59,,,,,,
March 8th,2022-03-08 12:00:00,2022-03-08 12:59:59,,,,,,
March 8th,2022-03-08 13:00:00,2022-03-08 13:59:59,,,,,,
March 8th,2022-03-08 14:00:00,2022-03-08 14:59:59,,,,,,
March 8th,2022-03-08 15:00:00,2022-03-08 15:59:59,,,,,,
March 8th,2022-03-08 16:00:00,2022-03-08 16:59:59,,,,,,
March 8th,2022-03-08 17:00:00,2022-03-08 17:59:59,,,,,,
March 8th,2022-03-08 18:00:00,2022-03-08 18:59:59,,,,,,
March 8th,2022-03-08 19:00:00,2022-03-08 19:59:59,,,,,,
March 8th,2022-03-08 20:00:00,2022-03-08 20:59:59,,,,,,
March 8th,2022-03-08 21:00:00,2022-03-08 21:59:59,,,,,,
March 8th,2022-03-08 22:00:00,2022-03-08 22:59:59,,,,,,
March 8th,2022-03-08 23:00:00,2022-03-08 23:59:59,,,,,,
March 9th,2022-03-09 0:00:00,2022-03-09 0:59:59,,,,,,
March 9th,2022-03-09 1:00:00,2022-03-09 1:59:59,,,,,,
March 9th,2022-03-09 2:00:00,2022-03-09 2:59:59,,,,,,
March 9th,2022-03-09 3:00:00,2022-03-09 3:59:59,,,,,,
March 9th,2022-03-09 4:00:00,2022-03-09 4:59:59,,,,,,
March 9th,2022-03-09 5:00:00,2022-03-09 5:59:59,,,,,,
March 9th,2022-03-09 6:00:00,2022-03-09 6:59:59,,,,,,
March 9th,2022-03-09 7:00:00,2022-03-09 7:59:59,,,,,,
March 9th,2022-03-09 8:00:00,2022-03-09 8:59:59,,,,,,
March 9th,2022-03-09 9:00:00,2022-03-09 9:59:59,,,,,,
March 9th,2022-03-09 10:00:00,2022-03-09 10:59:59,,,,,,
March 9th,2022-03-09 11:00:00,2022-03-09 11:59:59,,,,,,
March 9th,2022-03-09 12:00:00,2022-03-09 12:59:59,,,,,,
March 9th,2022-03-09 13:00:00,2022-03-09 13:59:59,,,,,,
March 9th,2022-03-09 14:00:00,2022-03-09 14:59:59,,,,,,
March 9th,2022-03-09 15:00:00,2022-03-09 15:59:59,,,,,,
March 9th,2022-03-09 16:00:00,2022-03-09 16:59:59,,,,,,
March 9th,2022-03-09 17:00:00,2022-03-09 17:59:59,,,,,,
March 9th,2022-03-09 18:00:00,2022-03-09 18:59:59,,,,,,
March 9th,2022-03-09 19:00:00,2022-03-09 19:59:59,,,,,,
March 9th,2022-03-09 20:00:00,2022-03-09 20:59:59,,,,,,
March 9th,2022-03-09 21:00:00,2022-03-09 21:59:59,,,,,,
March 9th,2022-03-09 22:00:00,2022-03-09 22:59:59,,,,,,
March 9th,2022-03-09 23:00:00,2022-03-09 23:59:59,,,,,,
March 10th,2022-03-10 0:00:00,2022-03-10 0:59:59,,,,,,
March 10th,2022-03-10 1:00:00,2022-03-10 1:59:59,,,,,,